DA_losses,DB_losses,D_losses,G_losses,gA_d_losses_synthetic,gA_losses_reconstructed,gB_d_losses_synthetic,gB_losses_reconstructed,reconstruction_losses
1.6141785383224487,2.474678874015808,4.088857412338257,"[33.186710357666016, 0.6406304240226746, 0.5811922550201416, 13.551779747009277, 7.416702747344971]",0.6406304240226746,13.551779747009277,0.5811922550201416,7.416702747344971,20.968482494354248
18.336751222610474,9.35736346244812,27.694114685058594,"[17.331775665283203, 0.6803441643714905, 0.5300770401954651, 1.9475224018096924, 3.280041217803955]",0.6803441643714905,1.9475224018096924,0.5300770401954651,3.280041217803955,5.2275636196136475
13.267013788223267,8.996591567993164,22.26360535621643,"[13.694680213928223, 0.6657789945602417, 0.4787728190422058, 1.2101752758026123, 1.0389862060546875]",0.6657789945602417,1.2101752758026123,0.4787728190422058,1.0389862060546875,2.2491614818573
6.409888982772827,2.6312762200832367,9.041165202856064,"[12.083656311035156, 0.6245653033256531, 0.4305676817893982, 0.984792172908783, 0.5475339889526367]",0.6245653033256531,0.984792172908783,0.4305676817893982,0.5475339889526367,1.5323261618614197
4.617724180221558,0.8946911543607712,5.512415334582329,"[11.356057167053223, 0.5859187841415405, 0.39274975657463074, 0.984504222869873, 0.5848668813705444]",0.5859187841415405,0.984504222869873,0.39274975657463074,0.5848668813705444,1.5693711042404175
1.2598940134048462,0.5208473801612854,1.7807413935661316,"[10.67459774017334, 0.5288034081459045, 0.3722198009490967, 1.0126906633377075, 0.6516752243041992]",0.5288034081459045,1.0126906633377075,0.3722198009490967,0.6516752243041992,1.6643658876419067
0.4956384003162384,0.552156537771225,1.0477949380874634,"[9.655668258666992, 0.4778956174850464, 0.35024410486221313, 0.789196789264679, 0.5850734114646912]",0.4778956174850464,0.789196789264679,0.35024410486221313,0.5850734114646912,1.3742702007293701
0.46926434338092804,0.40824316442012787,0.8775075078010559,"[8.967267990112305, 0.44030261039733887, 0.332036554813385, 0.695602297782898, 0.5482734441757202]",0.44030261039733887,0.695602297782898,0.332036554813385,0.5482734441757202,1.2438757419586182
0.4339333474636078,0.4439973086118698,0.8779306560754776,"[8.594547271728516, 0.40711623430252075, 0.3213821351528168, 0.8002185225486755, 0.5093445181846619]",0.40711623430252075,0.8002185225486755,0.3213821351528168,0.5093445181846619,1.3095630407333374
0.416763111948967,0.45015017688274384,0.8669132888317108,"[8.138690948486328, 0.3872150778770447, 0.29508233070373535, 0.7535417675971985, 0.5621752738952637]",0.3872150778770447,0.7535417675971985,0.29508233070373535,0.5621752738952637,1.3157170414924622
0.42030180245637894,0.4189720004796982,0.8392738029360771,"[7.687036514282227, 0.35141193866729736, 0.29295092821121216, 0.740147054195404, 0.5032609701156616]",0.35141193866729736,0.740147054195404,0.29295092821121216,0.5032609701156616,1.2434080243110657
0.3965720534324646,0.37379156053066254,0.7703636139631271,"[7.515197277069092, 0.3387041985988617, 0.291149377822876, 0.6730518937110901, 0.5436095595359802]",0.3387041985988617,0.6730518937110901,0.291149377822876,0.5436095595359802,1.2166614532470703
0.37981607764959335,0.34007933735847473,0.7198954150080681,"[7.122658729553223, 0.3148161768913269, 0.2776692509651184, 0.6724051237106323, 0.5253990292549133]",0.3148161768913269,0.6724051237106323,0.2776692509651184,0.5253990292549133,1.1978041529655457
0.27357062697410583,0.2952822148799896,0.5688528418540955,"[6.462474822998047, 0.28551894426345825, 0.2586766183376312, 0.5145851969718933, 0.5059340596199036]",0.28551894426345825,0.5145851969718933,0.2586766183376312,0.5059340596199036,1.0205192565917969
0.3374670296907425,0.3454824835062027,0.6829495131969452,"[6.560952186584473, 0.27394720911979675, 0.2634575366973877, 0.6441499590873718, 0.5427548289299011]",0.27394720911979675,0.6441499590873718,0.2634575366973877,0.5427548289299011,1.186904788017273
0.2979828715324402,0.3165401667356491,0.6145230382680893,"[6.150873184204102, 0.2547118663787842, 0.2487909495830536, 0.5916403532028198, 0.5242045521736145]",0.2547118663787842,0.5916403532028198,0.2487909495830536,0.5242045521736145,1.1158449053764343
0.3174079358577728,0.31960539519786835,0.6370133310556412,"[6.136871814727783, 0.24688154458999634, 0.24876494705677032, 0.5902727246284485, 0.5901342630386353]",0.24688154458999634,0.5902727246284485,0.24876494705677032,0.5901342630386353,1.1804069876670837
0.35054565966129303,0.3708302974700928,0.7213759571313858,"[5.962482929229736, 0.22600354254245758, 0.24151533842086792, 0.6426732540130615, 0.6446207165718079]",0.22600354254245758,0.6426732540130615,0.24151533842086792,0.6446207165718079,1.2872939705848694
0.3256513625383377,0.36780618131160736,0.6934575438499451,"[5.741137504577637, 0.21851733326911926, 0.23478993773460388, 0.5998401045799255, 0.6082249879837036]",0.21851733326911926,0.5998401045799255,0.23478993773460388,0.6082249879837036,1.2080650925636292
0.33084892481565475,0.3847930282354355,0.7156419530510902,"[5.578395843505859, 0.2080904096364975, 0.23018401861190796, 0.6184319853782654, 0.5772198438644409]",0.2080904096364975,0.6184319853782654,0.23018401861190796,0.5772198438644409,1.1956518292427063
0.3132444843649864,0.31220753490924835,0.6254520192742348,"[5.340343475341797, 0.19507628679275513, 0.2235824167728424, 0.6013349890708923, 0.5524213314056396]",0.19507628679275513,0.6013349890708923,0.2235824167728424,0.5524213314056396,1.153756320476532
0.28084563463926315,0.26834066212177277,0.5491862967610359,"[5.058431625366211, 0.18271404504776, 0.21552619338035583, 0.5302672386169434, 0.5457617044448853]",0.18271404504776,0.5302672386169434,0.21552619338035583,0.5457617044448853,1.0760289430618286
0.29800382256507874,0.26971057057380676,0.5677143931388855,"[5.026551246643066, 0.17446592450141907, 0.21656222641468048, 0.5670512318611145, 0.5492185950279236]",0.17446592450141907,0.5670512318611145,0.21656222641468048,0.5492185950279236,1.116269826889038
0.3023492693901062,0.27516283094882965,0.5775121003389359,"[4.9384260177612305, 0.16498024761676788, 0.21592405438423157, 0.5889903903007507, 0.5403925180435181]",0.16498024761676788,0.5889903903007507,0.21592405438423157,0.5403925180435181,1.1293829083442688
0.3143312931060791,0.3103392422199249,0.624670535326004,"[4.904551029205322, 0.169215127825737, 0.20367379486560822, 0.5750401020050049, 0.60062175989151]",0.169215127825737,0.5750401020050049,0.20367379486560822,0.60062175989151,1.175661861896515
0.272980771958828,0.2838708311319351,0.5568516030907631,"[4.681091785430908, 0.16245341300964355, 0.19531026482582092, 0.5310298204421997, 0.5724253058433533]",0.16245341300964355,0.5310298204421997,0.19531026482582092,0.5724253058433533,1.103455126285553
0.2984667494893074,0.32464776933193207,0.6231145188212395,"[4.6828413009643555, 0.15600669384002686, 0.20170485973358154, 0.5829896330833435, 0.5227364301681519]",0.15600669384002686,0.5829896330833435,0.20170485973358154,0.5227364301681519,1.1057260632514954
0.2773082107305527,0.2913934588432312,0.5687016695737839,"[4.5456132888793945, 0.1537265181541443, 0.19197793304920197, 0.5354864597320557, 0.5530825257301331]",0.1537265181541443,0.5354864597320557,0.19197793304920197,0.5530825257301331,1.0885689854621887
0.2873191088438034,0.326007679104805,0.6133267879486084,"[4.377990245819092, 0.14382484555244446, 0.1906648576259613, 0.5245589017868042, 0.50853431224823]",0.14382484555244446,0.5245589017868042,0.1906648576259613,0.50853431224823,1.0330932140350342
0.3039723187685013,0.3274109661579132,0.6313832849264145,"[4.5138020515441895, 0.14944332838058472, 0.18676358461380005, 0.5965251326560974, 0.5552080273628235]",0.14944332838058472,0.5965251326560974,0.18676358461380005,0.5552080273628235,1.151733160018921
0.2762739136815071,0.34271952509880066,0.6189934387803078,"[4.391348838806152, 0.1459297239780426, 0.182400643825531, 0.518380880355835, 0.5896642804145813]",0.1459297239780426,0.518380880355835,0.182400643825531,0.5896642804145813,1.1080451607704163
0.2959808111190796,0.35412248969078064,0.6501033008098602,"[4.343024730682373, 0.1430138647556305, 0.1798200160264969, 0.5815102458000183, 0.5331756472587585]",0.1430138647556305,0.5815102458000183,0.1798200160264969,0.5331756472587585,1.1146858930587769
0.2817769944667816,0.39415784180164337,0.675934836268425,"[4.278411865234375, 0.14348435401916504, 0.17552590370178223, 0.5818836688995361, 0.5064258575439453]",0.14348435401916504,0.5818836688995361,0.17552590370178223,0.5064258575439453,1.0883095264434814
0.28998227417469025,0.33138372004032135,0.6213659942150116,"[4.131304740905762, 0.1292954981327057, 0.1700976938009262, 0.5551287531852722, 0.5822440385818481]",0.1292954981327057,0.5551287531852722,0.1700976938009262,0.5822440385818481,1.1373727917671204
0.29582348465919495,0.3376052677631378,0.6334287524223328,"[4.097043991088867, 0.12689802050590515, 0.16951289772987366, 0.5701344013214111, 0.5628004670143127]",0.12689802050590515,0.5701344013214111,0.16951289772987366,0.5628004670143127,1.1329348683357239
0.2898697108030319,0.36518099904060364,0.6550507098436356,"[4.072961807250977, 0.12448941171169281, 0.16911563277244568, 0.5851429104804993, 0.5517681837081909]",0.12448941171169281,0.5851429104804993,0.16911563277244568,0.5517681837081909,1.1369110941886902
0.33033254742622375,0.3810171037912369,0.7113496512174606,"[3.9446470737457275, 0.1173580065369606, 0.16827337443828583, 0.5344438552856445, 0.5538895130157471]",0.1173580065369606,0.5344438552856445,0.16827337443828583,0.5538895130157471,1.0883333683013916
0.31924523413181305,0.4046465754508972,0.7238918095827103,"[4.023526191711426, 0.12340524792671204, 0.17009860277175903, 0.5969882607460022, 0.49149975180625916]",0.12340524792671204,0.5969882607460022,0.17009860277175903,0.49149975180625916,1.0884880125522614
0.32476986944675446,0.32074035704135895,0.6455102264881134,"[3.9335198402404785, 0.12041513621807098, 0.16124919056892395, 0.575139582157135, 0.5417369604110718]",0.12041513621807098,0.575139582157135,0.16124919056892395,0.5417369604110718,1.1168765425682068
0.3300735801458359,0.35384321212768555,0.6839167922735214,"[3.7238478660583496, 0.1101078987121582, 0.15581002831459045, 0.5631774067878723, 0.5014911890029907]",0.1101078987121582,0.5631774067878723,0.15581002831459045,0.5014911890029907,1.064668595790863
0.345821738243103,0.3405248075723648,0.6863465458154678,"[3.82942533493042, 0.11033080518245697, 0.15975971519947052, 0.5941085815429688, 0.5344117283821106]",0.11033080518245697,0.5941085815429688,0.15975971519947052,0.5344117283821106,1.1285203099250793
0.33023154735565186,0.3205983191728592,0.650829866528511,"[3.737304210662842, 0.10812520980834961, 0.1565040647983551, 0.5375784635543823, 0.5534331202507019]",0.10812520980834961,0.5375784635543823,0.1565040647983551,0.5534331202507019,1.0910115838050842
0.34405457973480225,0.35339637100696564,0.6974509507417679,"[3.672053813934326, 0.1035609096288681, 0.15560370683670044, 0.5487726926803589, 0.5316351652145386]",0.1035609096288681,0.5487726926803589,0.15560370683670044,0.5316351652145386,1.0804078578948975
0.3224552422761917,0.3208664357662201,0.6433216780424118,"[3.5826244354248047, 0.10006774961948395, 0.14740699529647827, 0.5653864741325378, 0.5424906611442566]",0.10006774961948395,0.5653864741325378,0.14740699529647827,0.5424906611442566,1.1078771352767944
0.35538510978221893,0.3194383829832077,0.6748234927654266,"[3.5795133113861084, 0.10034944862127304, 0.146259143948555, 0.5581309795379639, 0.5552965402603149]",0.10034944862127304,0.5581309795379639,0.146259143948555,0.5552965402603149,1.1134275197982788
0.36792200803756714,0.3730684965848923,0.7409905046224594,"[3.6143064498901367, 0.09820187091827393, 0.15181776881217957, 0.540765106678009, 0.5733448266983032]",0.09820187091827393,0.540765106678009,0.15181776881217957,0.5733448266983032,1.1141099333763123
0.3437909930944443,0.3438069075345993,0.6875979006290436,"[3.487241268157959, 0.09272526204586029, 0.14868807792663574, 0.519572377204895, 0.5535354614257812]",0.09272526204586029,0.519572377204895,0.14868807792663574,0.5535354614257812,1.0731078386306763
0.3331139534711838,0.3498382568359375,0.6829522103071213,"[3.4173624515533447, 0.0883355587720871, 0.14816686511039734, 0.5289815664291382, 0.5233566164970398]",0.0883355587720871,0.5289815664291382,0.14816686511039734,0.5233566164970398,1.052338182926178
0.31628188490867615,0.3071877807378769,0.623469665646553,"[3.51397705078125, 0.09340600669384003, 0.14393185079097748, 0.5719211101531982, 0.5686770677566528]",0.09340600669384003,0.5719211101531982,0.14393185079097748,0.5686770677566528,1.140598177909851
0.3434810936450958,0.3077608793973923,0.6512419730424881,"[3.440248489379883, 0.09051980823278427, 0.14395299553871155, 0.5435446500778198, 0.5519758462905884]",0.09051980823278427,0.5435446500778198,0.14395299553871155,0.5519758462905884,1.0955204963684082
0.3629162609577179,0.30806367099285126,0.6709799319505692,"[3.596879720687866, 0.0922742411494255, 0.1471455842256546, 0.616165280342102, 0.5865162014961243]",0.0922742411494255,0.616165280342102,0.1471455842256546,0.5865162014961243,1.2026814818382263
0.35451391339302063,0.2868356704711914,0.641349583864212,"[3.3842601776123047, 0.08845613896846771, 0.13906091451644897, 0.550248920917511, 0.5588406920433044]",0.08845613896846771,0.550248920917511,0.13906091451644897,0.5588406920433044,1.1090896129608154
0.3212142735719681,0.2974654585123062,0.6186797320842743,"[3.474001407623291, 0.0856747031211853, 0.1425863802433014, 0.5422504544258118, 0.6491400599479675]",0.0856747031211853,0.5422504544258118,0.1425863802433014,0.6491400599479675,1.1913905143737793
0.34975220263004303,0.41539205610752106,0.7651442587375641,"[3.5267677307128906, 0.08817138522863388, 0.14551663398742676, 0.5216968059539795, 0.6681908369064331]",0.08817138522863388,0.5216968059539795,0.14551663398742676,0.6681908369064331,1.1898876428604126
0.33249594271183014,0.29355476796627045,0.6260507106781006,"[3.397646188735962, 0.08335208892822266, 0.1403740495443344, 0.5411009788513184, 0.6192837953567505]",0.08335208892822266,0.5411009788513184,0.1403740495443344,0.6192837953567505,1.1603847742080688
0.31873929500579834,0.32293251156806946,0.6416718065738678,"[3.4451606273651123, 0.08665282279253006, 0.13093896210193634, 0.5454118251800537, 0.7238308787345886]",0.08665282279253006,0.5454118251800537,0.13093896210193634,0.7238308787345886,1.2692427039146423
0.3649025708436966,0.4113445281982422,0.7762470990419388,"[3.2774312496185303, 0.08020174503326416, 0.13890370726585388, 0.5066571831703186, 0.5797194838523865]",0.08020174503326416,0.5066571831703186,0.13890370726585388,0.5797194838523865,1.086376667022705
0.2850951552391052,0.3258159011602402,0.6109110563993454,"[3.3690080642700195, 0.08375705778598785, 0.13351574540138245, 0.5629479289054871, 0.6333323121070862]",0.08375705778598785,0.5629479289054871,0.13351574540138245,0.6333323121070862,1.1962802410125732
0.3007373511791229,0.46165867149829865,0.7623960226774216,"[3.6292264461517334, 0.0853673592209816, 0.1337098777294159, 0.5598577857017517, 0.8785961866378784]",0.0853673592209816,0.5598577857017517,0.1337098777294159,0.8785961866378784,1.4384539723396301
0.3137488216161728,0.5138087570667267,0.8275575786828995,"[3.3476572036743164, 0.08439624309539795, 0.13187183439731598, 0.5418656468391418, 0.6431108117103577]",0.08439624309539795,0.5418656468391418,0.13187183439731598,0.6431108117103577,1.1849764585494995
0.314541295170784,0.4429337680339813,0.7574750632047653,"[3.4280591011047363, 0.08276709169149399, 0.1410529613494873, 0.5620647668838501, 0.6277937889099121]",0.08276709169149399,0.5620647668838501,0.1410529613494873,0.6277937889099121,1.1898585557937622
0.32007889449596405,0.39878107607364655,0.7188599705696106,"[3.316823720932007, 0.0802941545844078, 0.14075425267219543, 0.5557267665863037, 0.5506129264831543]",0.0802941545844078,0.5557267665863037,0.14075425267219543,0.5506129264831543,1.106339693069458
0.3216712474822998,0.3831148147583008,0.7047860622406006,"[3.318903923034668, 0.07893168181180954, 0.13157431781291962, 0.5520229339599609, 0.6618208885192871]",0.07893168181180954,0.5520229339599609,0.13157431781291962,0.6618208885192871,1.213843822479248
0.30166611075401306,0.3851616680622101,0.6868277788162231,"[3.2046971321105957, 0.07848627865314484, 0.12926168739795685, 0.6030158996582031, 0.5242016315460205]",0.07848627865314484,0.6030158996582031,0.12926168739795685,0.5242016315460205,1.1272175312042236
0.31674934923648834,0.3633164018392563,0.6800657510757446,"[3.207719087600708, 0.07856602966785431, 0.12893855571746826, 0.5632606148719788, 0.5694125890731812]",0.07856602966785431,0.5632606148719788,0.12893855571746826,0.5694125890731812,1.13267320394516
0.2994109243154526,0.3258664906024933,0.6252774149179459,"[3.292232036590576, 0.07389487326145172, 0.12897706031799316, 0.5790344476699829, 0.684478223323822]",0.07389487326145172,0.5790344476699829,0.12897706031799316,0.684478223323822,1.263512670993805
0.3165135532617569,0.38143904507160187,0.6979525983333588,"[3.126126527786255, 0.07607628405094147, 0.12096661329269409, 0.6102263331413269, 0.54547119140625]",0.07607628405094147,0.6102263331413269,0.12096661329269409,0.54547119140625,1.155697524547577
0.30812303721904755,0.3099185824394226,0.6180416196584702,"[3.126060962677002, 0.07576003670692444, 0.12439177930355072, 0.5779362320899963, 0.5466066002845764]",0.07576003670692444,0.5779362320899963,0.12439177930355072,0.5466066002845764,1.1245428323745728
0.2888370603322983,0.2945178300142288,0.5833548903465271,"[3.088677406311035, 0.07290544360876083, 0.12349764257669449, 0.5637961626052856, 0.5608503222465515]",0.07290544360876083,0.5637961626052856,0.12349764257669449,0.5608503222465515,1.1246464848518372
0.27470357716083527,0.29595720767974854,0.5706607848405838,"[3.177135467529297, 0.07104707509279251, 0.12176528573036194, 0.6097917556762695, 0.6392202377319336]",0.07104707509279251,0.6097917556762695,0.12176528573036194,0.6392202377319336,1.2490119934082031
0.33030328154563904,0.30072422325611115,0.6310275048017502,"[3.1408355236053467, 0.07623160630464554, 0.11891403794288635, 0.6353849768638611, 0.5539942383766174]",0.07623160630464554,0.6353849768638611,0.11891403794288635,0.5539942383766174,1.1893792152404785
0.2950741946697235,0.282143771648407,0.5772179663181305,"[3.0769901275634766, 0.07084201276302338, 0.12198591232299805, 0.5416275858879089, 0.6070833206176758]",0.07084201276302338,0.5416275858879089,0.12198591232299805,0.6070833206176758,1.1487109065055847
0.2794054001569748,0.2866216003894806,0.5660270005464554,"[3.1952333450317383, 0.07277325540781021, 0.12580493092536926, 0.6298907995223999, 0.5795609354972839]",0.07277325540781021,0.6298907995223999,0.12580493092536926,0.5795609354972839,1.2094517350196838
0.29351380467414856,0.30253341794013977,0.5960472226142883,"[3.127540111541748, 0.07400234043598175, 0.12272119522094727, 0.5945086479187012, 0.5657961368560791]",0.07400234043598175,0.5945086479187012,0.12272119522094727,0.5657961368560791,1.1603047847747803
0.2625724524259567,0.2670189291238785,0.5295913815498352,"[3.1737332344055176, 0.0718761533498764, 0.11748980730772018, 0.6608085036277771, 0.6192652583122253]",0.0718761533498764,0.6608085036277771,0.11748980730772018,0.6192652583122253,1.2800737619400024
0.28377872705459595,0.329353928565979,0.613132655620575,"[3.1742193698883057, 0.06772517412900925, 0.11743807792663574, 0.6084268093109131, 0.7141599059104919]",0.06772517412900925,0.6084268093109131,0.11743807792663574,0.7141599059104919,1.322586715221405
0.29050248861312866,0.31509098410606384,0.6055934727191925,"[3.072777271270752, 0.07153167575597763, 0.11287643015384674, 0.6361070871353149, 0.5925889611244202]",0.07153167575597763,0.6361070871353149,0.11287643015384674,0.5925889611244202,1.228696048259735
0.3127318322658539,0.3188277333974838,0.6315595656633377,"[3.0507636070251465, 0.06551230698823929, 0.12232428789138794, 0.571370542049408, 0.6010269522666931]",0.06551230698823929,0.571370542049408,0.12232428789138794,0.6010269522666931,1.172397494316101
0.278603658080101,0.2871149480342865,0.5657186061143875,"[3.251180648803711, 0.06741286814212799, 0.12069980055093765, 0.7467020750045776, 0.6233519911766052]",0.06741286814212799,0.7467020750045776,0.12069980055093765,0.6233519911766052,1.3700540661811829
0.33706557750701904,0.3123200535774231,0.6493856310844421,"[3.1301095485687256, 0.06689025461673737, 0.11765152215957642, 0.6824924945831299, 0.6021993160247803]",0.06689025461673737,0.6824924945831299,0.11765152215957642,0.6021993160247803,1.2846918106079102
0.27200278639793396,0.27710580825805664,0.5491085946559906,"[3.0672647953033447, 0.06478355824947357, 0.11571918427944183, 0.6241306066513062, 0.6381067037582397]",0.06478355824947357,0.6241306066513062,0.11571918427944183,0.6381067037582397,1.262237310409546
0.31902116537094116,0.2940070629119873,0.6130282282829285,"[3.0096805095672607, 0.06455466151237488, 0.11249181628227234, 0.638909637928009, 0.6003060340881348]",0.06455466151237488,0.638909637928009,0.11249181628227234,0.6003060340881348,1.2392156720161438
0.2758237272500992,0.2817823141813278,0.557606041431427,"[3.066436767578125, 0.06587942689657211, 0.1187434196472168, 0.5955268144607544, 0.6246814727783203]",0.06587942689657211,0.5955268144607544,0.1187434196472168,0.6246814727783203,1.2202082872390747
0.24594177305698395,0.2754446417093277,0.5213864147663116,"[3.3007583618164062, 0.06410452723503113, 0.11932913213968277, 0.6822081208229065, 0.7842135429382324]",0.06410452723503113,0.6822081208229065,0.11932913213968277,0.7842135429382324,1.466421663761139
0.3085439205169678,0.3307064324617386,0.6392503529787064,"[3.0747320652008057, 0.07120393961668015, 0.11043517291545868, 0.6359054446220398, 0.622435450553894]",0.07120393961668015,0.6359054446220398,0.11043517291545868,0.622435450553894,1.2583408951759338
0.2869846671819687,0.33565129339694977,0.6226359605789185,"[3.0292487144470215, 0.06472723931074142, 0.11379825323820114, 0.6062090396881104, 0.6377847790718079]",0.06472723931074142,0.6062090396881104,0.11379825323820114,0.6377847790718079,1.2439938187599182
0.27283090353012085,0.30052550137043,0.5733564049005508,"[3.089282512664795, 0.06687960773706436, 0.11358851194381714, 0.6662558317184448, 0.6183453798294067]",0.06687960773706436,0.6662558317184448,0.11358851194381714,0.6183453798294067,1.2846012115478516
0.3026396781206131,0.36619701981544495,0.668836697936058,"[3.121037483215332, 0.06415024399757385, 0.11931141465902328, 0.6164306998252869, 0.6699902415275574]",0.06415024399757385,0.6164306998252869,0.11931141465902328,0.6699902415275574,1.2864209413528442
0.2976403087377548,0.3966467082500458,0.6942870169878006,"[3.074138879776001, 0.06200350821018219, 0.11825627088546753, 0.6156073212623596, 0.6559338569641113]",0.06200350821018219,0.6156073212623596,0.11825627088546753,0.6559338569641113,1.271541178226471
0.2808219790458679,0.3039389103651047,0.5847608894109726,"[3.1478328704833984, 0.0679064393043518, 0.11443834006786346, 0.674763560295105, 0.6496216654777527]",0.0679064393043518,0.674763560295105,0.11443834006786346,0.6496216654777527,1.3243852257728577
0.29671746492385864,0.3672361224889755,0.6639535874128342,"[3.120023727416992, 0.06381012499332428, 0.11045665293931961, 0.6462171673774719, 0.7311387658119202]",0.06381012499332428,0.6462171673774719,0.11045665293931961,0.7311387658119202,1.377355933189392
0.32713110744953156,0.3777136355638504,0.704844743013382,"[3.0580875873565674, 0.06432956457138062, 0.11787429451942444, 0.5926754474639893, 0.6433736085891724]",0.06432956457138062,0.5926754474639893,0.11787429451942444,0.6433736085891724,1.2360490560531616
0.2863115966320038,0.364463672041893,0.6507752686738968,"[3.059511184692383, 0.06548216938972473, 0.11384081840515137, 0.6145328879356384, 0.6517483592033386]",0.06548216938972473,0.6145328879356384,0.11384081840515137,0.6517483592033386,1.266281247138977
0.2910119444131851,0.3531114459037781,0.6441233903169632,"[3.009106159210205, 0.06203950196504593, 0.11391250789165497, 0.6135281920433044, 0.6360579133033752]",0.06203950196504593,0.6135281920433044,0.11391250789165497,0.6360579133033752,1.2495861053466797
0.33057183027267456,0.31831763684749603,0.6488894671201706,"[3.0718612670898438, 0.06851981580257416, 0.11684621870517731, 0.5939463376998901, 0.624254584312439]",0.06851981580257416,0.5939463376998901,0.11684621870517731,0.624254584312439,1.218200922012329
0.2917659729719162,0.3081853687763214,0.5999513417482376,"[3.0449228286743164, 0.07408691197633743, 0.11440089344978333, 0.5874314308166504, 0.5726133584976196]",0.07408691197633743,0.5874314308166504,0.11440089344978333,0.5726133584976196,1.16004478931427
0.309965118765831,0.2748807817697525,0.5848459005355835,"[3.2072153091430664, 0.08090671896934509, 0.11614535748958588, 0.6117891073226929, 0.6249052882194519]",0.08090671896934509,0.6117891073226929,0.11614535748958588,0.6249052882194519,1.2366943955421448
0.3074377477169037,0.2671111673116684,0.5745489150285721,"[3.048764228820801, 0.06560596078634262, 0.1130322515964508, 0.6528245210647583, 0.6095578074455261]",0.06560596078634262,0.6528245210647583,0.1130322515964508,0.6095578074455261,1.2623823285102844
0.3513617366552353,0.28562116622924805,0.6369829028844833,"[3.0187599658966064, 0.06660835444927216, 0.11573544144630432, 0.5949512720108032, 0.6003707647323608]",0.06660835444927216,0.5949512720108032,0.11573544144630432,0.6003707647323608,1.195322036743164
0.31299668550491333,0.25330787897109985,0.5663045644760132,"[2.9925577640533447, 0.06461857259273529, 0.11031068116426468, 0.628205418586731, 0.6150597333908081]",0.06461857259273529,0.628205418586731,0.11031068116426468,0.6150597333908081,1.243265151977539
0.318727970123291,0.25769926607608795,0.576427236199379,"[2.938589096069336, 0.06203453987836838, 0.11277598142623901, 0.550872802734375, 0.639611005783081]",0.06203453987836838,0.550872802734375,0.11277598142623901,0.639611005783081,1.190483808517456
0.28402814269065857,0.25918398797512054,0.5432121306657791,"[2.9661240577697754, 0.062261857092380524, 0.10834852606058121, 0.640496015548706, 0.619524359703064]",0.062261857092380524,0.640496015548706,0.10834852606058121,0.619524359703064,1.26002037525177
0.3620483726263046,0.270684152841568,0.6327325254678726,"[2.945289134979248, 0.06073988974094391, 0.109089195728302, 0.6221553087234497, 0.6248431205749512]",0.06073988974094391,0.6221553087234497,0.109089195728302,0.6248431205749512,1.2469984292984009
0.3741891235113144,0.27845123410224915,0.6526403576135635,"[2.8848514556884766, 0.06250543892383575, 0.10806459933519363, 0.5673258900642395, 0.6118252277374268]",0.06250543892383575,0.5673258900642395,0.10806459933519363,0.6118252277374268,1.1791511178016663
0.3535841256380081,0.2783641144633293,0.6319482401013374,"[3.00899600982666, 0.06049833446741104, 0.10895752906799316, 0.6679180860519409, 0.6465194225311279]",0.06049833446741104,0.6679180860519409,0.10895752906799316,0.6465194225311279,1.3144375085830688
0.41379064321517944,0.28305840492248535,0.6968490481376648,"[2.8231635093688965, 0.06173203885555267, 0.10436101257801056, 0.5344302654266357, 0.6278026700019836]",0.06173203885555267,0.5344302654266357,0.10436101257801056,0.6278026700019836,1.1622329354286194
0.30418306589126587,0.2884940654039383,0.5926771312952042,"[2.940911293029785, 0.06212262064218521, 0.11358478665351868, 0.5702710151672363, 0.6135662198066711]",0.06212262064218521,0.5702710151672363,0.11358478665351868,0.6135662198066711,1.1838372349739075
0.3326619267463684,0.2793722152709961,0.6120341420173645,"[2.861128807067871, 0.06187068670988083, 0.10717473924160004, 0.5390712022781372, 0.6316032409667969]",0.06187068670988083,0.5390712022781372,0.10717473924160004,0.6316032409667969,1.170674443244934
0.2945598065853119,0.3340163081884384,0.6285761147737503,"[2.989076614379883, 0.06558890640735626, 0.11225062608718872, 0.5439356565475464, 0.6667458415031433]",0.06558890640735626,0.5439356565475464,0.11225062608718872,0.6667458415031433,1.2106814980506897
0.3270062655210495,0.36559632420539856,0.6926025897264481,"[2.9148731231689453, 0.06438294798135757, 0.11424119770526886, 0.5476805567741394, 0.5809510350227356]",0.06438294798135757,0.5476805567741394,0.11424119770526886,0.5809510350227356,1.128631591796875
0.34479841589927673,0.3101000189781189,0.6548984348773956,"[3.0184521675109863, 0.058743275701999664, 0.11605176329612732, 0.5983971953392029, 0.6721046566963196]",0.058743275701999664,0.5983971953392029,0.11605176329612732,0.6721046566963196,1.2705018520355225
0.3099042773246765,0.3757101148366928,0.6856143921613693,"[2.9148166179656982, 0.0624893456697464, 0.10719311237335205, 0.5896294713020325, 0.6283625960350037]",0.0624893456697464,0.5896294713020325,0.10719311237335205,0.6283625960350037,1.2179920673370361
0.3433223068714142,0.29807232320308685,0.641394630074501,"[2.916100025177002, 0.06413847208023071, 0.11216744780540466, 0.5504226684570312, 0.6026180386543274]",0.06413847208023071,0.5504226684570312,0.11216744780540466,0.6026180386543274,1.1530407071113586
0.3115077018737793,0.3096509277820587,0.621158629655838,"[2.8901681900024414, 0.06252691149711609, 0.10367089509963989, 0.6112160682678223, 0.6169738173484802]",0.06252691149711609,0.6112160682678223,0.10367089509963989,0.6169738173484802,1.2281898856163025
0.34903891384601593,0.31331104040145874,0.6623499542474747,"[2.816635847091675, 0.06302696466445923, 0.10574785619974136, 0.5314895510673523, 0.5973981618881226]",0.06302696466445923,0.5314895510673523,0.10574785619974136,0.5973981618881226,1.1288877129554749
0.31558844447135925,0.3084695637226105,0.6240580081939697,"[2.9404120445251465, 0.06565596163272858, 0.1160178929567337, 0.535280704498291, 0.5883926749229431]",0.06565596163272858,0.535280704498291,0.1160178929567337,0.5883926749229431,1.1236733794212341
0.33198682963848114,0.28835320472717285,0.620340034365654,"[2.944866180419922, 0.06330876052379608, 0.1108345091342926, 0.6090118885040283, 0.5944215059280396]",0.06330876052379608,0.6090118885040283,0.1108345091342926,0.5944215059280396,1.2034333944320679
0.3364485055208206,0.2975851744413376,0.6340336799621582,"[2.888321876525879, 0.06286326050758362, 0.10253779590129852, 0.5548447370529175, 0.6794666647911072]",0.06286326050758362,0.5548447370529175,0.10253779590129852,0.6794666647911072,1.2343114018440247
0.3029883950948715,0.36236338317394257,0.6653517782688141,"[2.8185534477233887, 0.05802784860134125, 0.10440146923065186, 0.548533022403717, 0.6457271575927734]",0.05802784860134125,0.548533022403717,0.10440146923065186,0.6457271575927734,1.1942601799964905
0.3186280131340027,0.3586280643939972,0.6772560775279999,"[2.761643648147583, 0.06042579188942909, 0.10353633761405945, 0.554741621017456, 0.567280650138855]",0.06042579188942909,0.554741621017456,0.10353633761405945,0.567280650138855,1.122022271156311
0.30438877642154694,0.28660835325717926,0.5909971296787262,"[2.813220977783203, 0.060963813215494156, 0.10594432055950165, 0.5413901805877686, 0.6027493476867676]",0.060963813215494156,0.5413901805877686,0.10594432055950165,0.6027493476867676,1.1441395282745361
0.31920692324638367,0.29507674276828766,0.6142836660146713,"[2.987009048461914, 0.06536398082971573, 0.11912704259157181, 0.5502326488494873, 0.5918660759925842]",0.06536398082971573,0.5502326488494873,0.11912704259157181,0.5918660759925842,1.1420987248420715
0.32043851912021637,0.3185863494873047,0.6390248686075211,"[2.792692184448242, 0.059791646897792816, 0.10624375939369202, 0.552586555480957, 0.5797516703605652]",0.059791646897792816,0.552586555480957,0.10624375939369202,0.5797516703605652,1.1323382258415222
0.40198713541030884,0.2950874865055084,0.6970746219158173,"[2.87774658203125, 0.06461359560489655, 0.10339546948671341, 0.5746479630470276, 0.6230078935623169]",0.06461359560489655,0.5746479630470276,0.10339546948671341,0.6230078935623169,1.1976558566093445
0.34179335832595825,0.3358757048845291,0.6776690632104874,"[2.840327739715576, 0.06213399022817612, 0.10792191326618195, 0.5648180246353149, 0.5749508738517761]",0.06213399022817612,0.5648180246353149,0.10792191326618195,0.5749508738517761,1.139768898487091
0.33203837275505066,0.2997436672449112,0.6317820399999619,"[2.8234567642211914, 0.06299181282520294, 0.10728348046541214, 0.5418170690536499, 0.5788869261741638]",0.06299181282520294,0.5418170690536499,0.10728348046541214,0.5788869261741638,1.1207039952278137
0.3436376750469208,0.2983383685350418,0.6419760435819626,"[2.8493804931640625, 0.06650198996067047, 0.10055654495954514, 0.5637871623039246, 0.6150080561637878]",0.06650198996067047,0.5637871623039246,0.10055654495954514,0.6150080561637878,1.1787952184677124
0.35513925552368164,0.31281913816928864,0.6679583936929703,"[2.7205817699432373, 0.056495532393455505, 0.10550719499588013, 0.5197581052780151, 0.5807963013648987]",0.056495532393455505,0.5197581052780151,0.10550719499588013,0.5807963013648987,1.1005544066429138
0.31760284304618835,0.29976309835910797,0.6173659414052963,"[2.802936553955078, 0.05895712971687317, 0.10576929152011871, 0.5414323210716248, 0.6142400503158569]",0.05895712971687317,0.5414323210716248,0.10576929152011871,0.6142400503158569,1.1556723713874817
0.3181667625904083,0.33079662919044495,0.6489633917808533,"[2.796191692352295, 0.05836862325668335, 0.10246577858924866, 0.5244916677474976, 0.6633559465408325]",0.05836862325668335,0.5244916677474976,0.10246577858924866,0.6633559465408325,1.18784761428833
0.3251776099205017,0.3401898145675659,0.6653674244880676,"[2.7260894775390625, 0.05459111928939819, 0.09990783780813217, 0.5193743705749512, 0.6617254614830017]",0.05459111928939819,0.5193743705749512,0.09990783780813217,0.6617254614830017,1.1810998320579529
0.32273243367671967,0.32907088100910187,0.6518033146858215,"[2.738590717315674, 0.06184983253479004, 0.10242551565170288, 0.5272741913795471, 0.5685632228851318]",0.06184983253479004,0.5272741913795471,0.10242551565170288,0.5685632228851318,1.095837414264679
0.3365919142961502,0.33828234672546387,0.6748742610216141,"[2.8585000038146973, 0.06344334781169891, 0.11373603343963623, 0.5372153520584106, 0.5494909286499023]",0.06344334781169891,0.5372153520584106,0.11373603343963623,0.5494909286499023,1.086706280708313
0.3364238291978836,0.3140155225992203,0.6504393517971039,"[2.7628860473632812, 0.06052694097161293, 0.10469060391187668, 0.5214349627494812, 0.5892756581306458]",0.06052694097161293,0.5214349627494812,0.10469060391187668,0.5892756581306458,1.110710620880127
0.32476256787776947,0.27445419132709503,0.5992167592048645,"[2.705457925796509, 0.053836360573768616, 0.10390220582485199, 0.5278869271278381, 0.6001853346824646]",0.053836360573768616,0.5278869271278381,0.10390220582485199,0.6001853346824646,1.1280722618103027
0.34176352620124817,0.27132755517959595,0.6130910813808441,"[2.6685924530029297, 0.05371808633208275, 0.10035160183906555, 0.5328739285469055, 0.5950217843055725]",0.05371808633208275,0.5328739285469055,0.10035160183906555,0.5950217843055725,1.127895712852478
0.3587587922811508,0.2923995554447174,0.6511583477258682,"[2.618133068084717, 0.054985832422971725, 0.09645290672779083, 0.5228748321533203, 0.5808708071708679]",0.054985832422971725,0.5228748321533203,0.09645290672779083,0.5808708071708679,1.1037456393241882
0.3657989054918289,0.35484273731708527,0.7206416428089142,"[2.6123979091644287, 0.05715981870889664, 0.10006235539913177, 0.4965018033981323, 0.5436743497848511]",0.05715981870889664,0.4965018033981323,0.10006235539913177,0.5436743497848511,1.0401761531829834
0.33670674264431,0.3066414147615433,0.6433481574058533,"[2.7034215927124023, 0.05912160128355026, 0.09598643332719803, 0.54995197057724, 0.6023892164230347]",0.05912160128355026,0.54995197057724,0.09598643332719803,0.6023892164230347,1.1523411870002747
0.35531987249851227,0.3172838091850281,0.6726036816835403,"[2.611772060394287, 0.05516107752919197, 0.0984799861907959, 0.49659574031829834, 0.5787657499313354]",0.05516107752919197,0.49659574031829834,0.0984799861907959,0.5787657499313354,1.0753614902496338
0.37594369053840637,0.27807125449180603,0.6540149450302124,"[2.619630813598633, 0.05441288277506828, 0.0918583869934082, 0.5023899674415588, 0.6545282006263733]",0.05441288277506828,0.5023899674415588,0.0918583869934082,0.6545282006263733,1.1569181680679321
0.35932812094688416,0.3239508271217346,0.6832789480686188,"[2.673759937286377, 0.05229051411151886, 0.09185637533664703, 0.5190727710723877, 0.7132183313369751]",0.05229051411151886,0.5190727710723877,0.09185637533664703,0.7132183313369751,1.2322911024093628
0.3452998250722885,0.381242573261261,0.7265423983335495,"[2.705524444580078, 0.05475242808461189, 0.0976552963256836, 0.527820348739624, 0.6536269187927246]",0.05475242808461189,0.527820348739624,0.0976552963256836,0.6536269187927246,1.1814472675323486
0.3920140117406845,0.3355018198490143,0.7275158315896988,"[2.5190327167510986, 0.052022580057382584, 0.09537287056446075, 0.4530778229236603, 0.5920004844665527]",0.052022580057382584,0.4530778229236603,0.09537287056446075,0.5920004844665527,1.045078307390213
0.3269910663366318,0.3286922574043274,0.6556833237409592,"[2.582484722137451, 0.05693129450082779, 0.09526777267456055, 0.5139102339744568, 0.5465836524963379]",0.05693129450082779,0.5139102339744568,0.09526777267456055,0.5465836524963379,1.0604938864707947
0.3506791591644287,0.2876998633146286,0.6383790224790573,"[2.580482006072998, 0.05456743389368057, 0.09154573827981949, 0.4979130029678345, 0.6214372515678406]",0.05456743389368057,0.4979130029678345,0.09154573827981949,0.6214372515678406,1.119350254535675
0.3378867655992508,0.29568272829055786,0.6335694938898087,"[2.553776264190674, 0.052984848618507385, 0.09326919168233871, 0.5025668740272522, 0.5886691212654114]",0.052984848618507385,0.5025668740272522,0.09326919168233871,0.5886691212654114,1.0912359952926636
0.3358575403690338,0.2756708860397339,0.6115284264087677,"[2.490090847015381, 0.05312249809503555, 0.08845137059688568, 0.48339560627937317, 0.5909566283226013]",0.05312249809503555,0.48339560627937317,0.08845137059688568,0.5909566283226013,1.0743522346019745
0.33782605826854706,0.3052546828985214,0.6430807411670685,"[2.5818426609039307, 0.05983663722872734, 0.09067884087562561, 0.48516741394996643, 0.5915204882621765]",0.05983663722872734,0.48516741394996643,0.09067884087562561,0.5915204882621765,1.076687902212143
0.3341083973646164,0.30485081672668457,0.638959214091301,"[2.6341536045074463, 0.05979473516345024, 0.09269127994775772, 0.5009722709655762, 0.6083211898803711]",0.05979473516345024,0.5009722709655762,0.09269127994775772,0.6083211898803711,1.1092934608459473
0.3408551812171936,0.2970164567232132,0.6378716379404068,"[2.753711223602295, 0.053357623517513275, 0.10468921065330505, 0.549697995185852, 0.6235446929931641]",0.053357623517513275,0.549697995185852,0.10468921065330505,0.6235446929931641,1.1732426881790161
0.3626626580953598,0.29250964522361755,0.6551723033189774,"[2.6983885765075684, 0.05765588581562042, 0.0931328684091568, 0.4921668469905853, 0.6983342170715332]",0.05765588581562042,0.4921668469905853,0.0931328684091568,0.6983342170715332,1.1905010640621185
0.34178027510643005,0.31589578092098236,0.6576760560274124,"[2.4924590587615967, 0.05154705047607422, 0.09078993648290634, 0.49611765146255493, 0.5729715824127197]",0.05154705047607422,0.49611765146255493,0.09078993648290634,0.5729715824127197,1.0690892338752747
0.3571328669786453,0.30760620534420013,0.6647390723228455,"[2.510054111480713, 0.054399654269218445, 0.087643101811409, 0.46831268072128296, 0.6213139295578003]",0.054399654269218445,0.46831268072128296,0.087643101811409,0.6213139295578003,1.0896266102790833
0.3306983858346939,0.350316658616066,0.6810150444507599,"[2.449070453643799, 0.05059606581926346, 0.09044122695922852, 0.4943704307079315, 0.5443270802497864]",0.05059606581926346,0.4943704307079315,0.09044122695922852,0.5443270802497864,1.038697510957718
0.35209493339061737,0.3049168437719345,0.6570117771625519,"[2.7471251487731934, 0.06171872466802597, 0.10019269585609436, 0.49880465865135193, 0.6292062401771545]",0.06171872466802597,0.49880465865135193,0.10019269585609436,0.6292062401771545,1.1280108988285065
0.3260422348976135,0.28933897614479065,0.6153812110424042,"[2.552567481994629, 0.05667351931333542, 0.09073331207036972, 0.49854400753974915, 0.5799552202224731]",0.05667351931333542,0.49854400753974915,0.09073331207036972,0.5799552202224731,1.0784992277622223
0.33042457699775696,0.3186835050582886,0.6491080820560455,"[2.6283857822418213, 0.05364445224404335, 0.10372327268123627, 0.5036814212799072, 0.5510271191596985]",0.05364445224404335,0.5036814212799072,0.10372327268123627,0.5510271191596985,1.0547085404396057
0.30815431475639343,0.28184257447719574,0.5899968892335892,"[2.661464214324951, 0.055041782557964325, 0.1015828400850296, 0.5133755803108215, 0.581842303276062]",0.055041782557964325,0.5133755803108215,0.1015828400850296,0.581842303276062,1.0952178835868835
0.3281458169221878,0.2741979509592056,0.6023437678813934,"[2.560476541519165, 0.050765570253133774, 0.09448883682489395, 0.5066342949867249, 0.6012981534004211]",0.050765570253133774,0.5066342949867249,0.09448883682489395,0.6012981534004211,1.107932448387146
0.31977441906929016,0.30430661141872406,0.6240810304880142,"[2.4715702533721924, 0.04905720427632332, 0.0879465788602829, 0.5089520215988159, 0.5925804376602173]",0.04905720427632332,0.5089520215988159,0.0879465788602829,0.5925804376602173,1.1015324592590332
0.32472239434719086,0.2889629453420639,0.6136853396892548,"[2.549258232116699, 0.05243702232837677, 0.09246958792209625, 0.5011542439460754, 0.599037766456604]",0.05243702232837677,0.5011542439460754,0.09246958792209625,0.599037766456604,1.1001920104026794
0.32447999715805054,0.2975254952907562,0.6220054924488068,"[2.5266237258911133, 0.049331359565258026, 0.08912378549575806, 0.5073220133781433, 0.634750485420227]",0.049331359565258026,0.5073220133781433,0.08912378549575806,0.634750485420227,1.1420724987983704
0.3318648636341095,0.3552577793598175,0.687122642993927,"[2.859924077987671, 0.05715775862336159, 0.1080687940120697, 0.49920156598091125, 0.7084568738937378]",0.05715775862336159,0.49920156598091125,0.1080687940120697,0.7084568738937378,1.207658439874649
0.3229118883609772,0.37332408130168915,0.6962359696626663,"[2.5638599395751953, 0.05139262229204178, 0.09436328709125519, 0.5250221490859985, 0.5812786817550659]",0.05139262229204178,0.5250221490859985,0.09436328709125519,0.5812786817550659,1.1063008308410645
0.36975330114364624,0.28701747953891754,0.6567707806825638,"[2.526655912399292, 0.055304545909166336, 0.08679210394620895, 0.49928122758865356, 0.6064081192016602]",0.055304545909166336,0.49928122758865356,0.08679210394620895,0.6064081192016602,1.1056893467903137
0.34450314939022064,0.2989207059144974,0.643423855304718,"[2.5827622413635254, 0.049631327390670776, 0.09710528701543808, 0.5328742861747742, 0.5825216770172119]",0.049631327390670776,0.5328742861747742,0.09710528701543808,0.5825216770172119,1.115395963191986
0.3560963422060013,0.2883823812007904,0.6444787234067917,"[2.460330009460449, 0.051502179354429245, 0.08703476935625076, 0.49412083625793457, 0.5808396339416504]",0.051502179354429245,0.49412083625793457,0.08703476935625076,0.5808396339416504,1.074960470199585
0.32279714941978455,0.2662951946258545,0.589092344045639,"[2.475078582763672, 0.050600580871105194, 0.08421708643436432, 0.5131642818450928, 0.6137377023696899]",0.050600580871105194,0.5131642818450928,0.08421708643436432,0.6137377023696899,1.1269019842147827
0.34985387325286865,0.31479209661483765,0.6646459698677063,"[2.5525410175323486, 0.04781477525830269, 0.09330978989601135, 0.49451446533203125, 0.6467809081077576]",0.04781477525830269,0.49451446533203125,0.09330978989601135,0.6467809081077576,1.1412953734397888
0.31866806745529175,0.29526272416114807,0.6139307916164398,"[2.4328267574310303, 0.048988889902830124, 0.0824943482875824, 0.5203113555908203, 0.5976830720901489]",0.048988889902830124,0.5203113555908203,0.0824943482875824,0.5976830720901489,1.1179944276809692
0.33452388644218445,0.2745794951915741,0.6091033816337585,"[2.5496625900268555, 0.05087313428521156, 0.09577096998691559, 0.4914975166320801, 0.5917238593101501]",0.05087313428521156,0.4914975166320801,0.09577096998691559,0.5917238593101501,1.0832213759422302
0.36578477919101715,0.2527892589569092,0.6185740381479263,"[2.5812292098999023, 0.05332549661397934, 0.08868709206581116, 0.5419989824295044, 0.619104266166687]",0.05332549661397934,0.5419989824295044,0.08868709206581116,0.619104266166687,1.1611032485961914
0.3676937073469162,0.2685827687382698,0.636276476085186,"[2.3956716060638428, 0.04988441243767738, 0.08164305984973907, 0.5000811815261841, 0.5803157091140747]",0.04988441243767738,0.5000811815261841,0.08164305984973907,0.5803157091140747,1.0803968906402588
0.33609476685523987,0.27998878061771393,0.6160835474729538,"[2.5294244289398193, 0.05287235602736473, 0.09029838442802429, 0.5111809968948364, 0.5865360498428345]",0.05287235602736473,0.5111809968948364,0.09029838442802429,0.5865360498428345,1.097717046737671
0.35457366704940796,0.2861027717590332,0.6406764388084412,"[2.6078219413757324, 0.05592760071158409, 0.09754838794469833, 0.4823141098022461, 0.5907478332519531]",0.05592760071158409,0.4823141098022461,0.09754838794469833,0.5907478332519531,1.0730619430541992
0.33740267157554626,0.2809034585952759,0.6183061301708221,"[2.518497943878174, 0.05536562204360962, 0.08601295948028564, 0.525536060333252, 0.5791759490966797]",0.05536562204360962,0.525536060333252,0.08601295948028564,0.5791759490966797,1.1047120094299316
0.3459916263818741,0.28372232615947723,0.6297139525413513,"[2.494058847427368, 0.05489126592874527, 0.08576119691133499, 0.48630478978157043, 0.6012294292449951]",0.05489126592874527,0.48630478978157043,0.08576119691133499,0.6012294292449951,1.0875342190265656
0.3074638694524765,0.27793507277965546,0.585398942232132,"[2.4638280868530273, 0.05184730142354965, 0.08301810175180435, 0.5132724642753601, 0.601901650428772]",0.05184730142354965,0.5132724642753601,0.08301810175180435,0.601901650428772,1.115174114704132
0.35685931146144867,0.2928396016359329,0.6496989130973816,"[2.64894437789917, 0.06228499114513397, 0.09050224721431732, 0.517230212688446, 0.6038415431976318]",0.06228499114513397,0.517230212688446,0.09050224721431732,0.6038415431976318,1.1210717558860779
0.3697739243507385,0.3817668855190277,0.7515408098697662,"[2.5260567665100098, 0.05473507195711136, 0.0926857441663742, 0.5054334402084351, 0.5464152693748474]",0.05473507195711136,0.5054334402084351,0.0926857441663742,0.5464152693748474,1.0518487095832825
0.35217295587062836,0.3546462655067444,0.7068192213773727,"[2.5707759857177734, 0.052562225610017776, 0.09237894415855408, 0.5000563859939575, 0.6213079690933228]",0.052562225610017776,0.5000563859939575,0.09237894415855408,0.6213079690933228,1.1213643550872803
0.31834034621715546,0.3390957862138748,0.6574361324310303,"[2.590468168258667, 0.04900577664375305, 0.08339860290288925, 0.49342602491378784, 0.7729984521865845]",0.04900577664375305,0.49342602491378784,0.08339860290288925,0.7729984521865845,1.2664244771003723
0.34007005393505096,0.42260703444480896,0.7626770883798599,"[2.6191670894622803, 0.05532641336321831, 0.09126055240631104, 0.4811290502548218, 0.6721683144569397]",0.05532641336321831,0.4811290502548218,0.09126055240631104,0.6721683144569397,1.1532973647117615
0.31229032576084137,0.29799242317676544,0.6102827489376068,"[2.421156406402588, 0.05149815231561661, 0.08035856485366821, 0.5203127861022949, 0.5822765827178955]",0.05149815231561661,0.5203127861022949,0.08035856485366821,0.5822765827178955,1.1025893688201904
0.3324330747127533,0.30275391042232513,0.6351869851350784,"[2.5702953338623047, 0.05016406252980232, 0.09459608793258667, 0.5386341214179993, 0.5840595960617065]",0.05016406252980232,0.5386341214179993,0.09459608793258667,0.5840595960617065,1.1226937174797058
0.35907626152038574,0.29891103506088257,0.6579872965812683,"[2.4789299964904785, 0.05312696844339371, 0.09023220837116241, 0.4722680449485779, 0.5730701684951782]",0.05312696844339371,0.4722680449485779,0.09023220837116241,0.5730701684951782,1.045338213443756
0.30765822529792786,0.30238933861255646,0.6100475639104843,"[2.492830514907837, 0.05685559660196304, 0.08123336732387543, 0.5350647568702698, 0.5768760442733765]",0.05685559660196304,0.5350647568702698,0.08123336732387543,0.5768760442733765,1.1119408011436462
0.3618413805961609,0.35879790782928467,0.7206392884254456,"[2.41772723197937, 0.05621299147605896, 0.08242936432361603, 0.47153306007385254, 0.5597707033157349]",0.05621299147605896,0.47153306007385254,0.08242936432361603,0.5597707033157349,1.0313037633895874
0.3262663036584854,0.29828034341335297,0.6245466470718384,"[2.53727650642395, 0.052030716091394424, 0.09133731573820114, 0.5018342137336731, 0.6017619371414185]",0.052030716091394424,0.5018342137336731,0.09133731573820114,0.6017619371414185,1.1035961508750916
0.3289823830127716,0.3270757496356964,0.656058132648468,"[2.514242172241211, 0.05002690851688385, 0.08692558854818344, 0.49484115839004517, 0.6498759984970093]",0.05002690851688385,0.49484115839004517,0.08692558854818344,0.6498759984970093,1.1447171568870544
0.35399386286735535,0.3686353266239166,0.722629189491272,"[2.557602882385254, 0.052452873438596725, 0.08967903256416321, 0.5091955661773682, 0.627088189125061]",0.052452873438596725,0.5091955661773682,0.08967903256416321,0.627088189125061,1.1362837553024292
0.3507617712020874,0.3542535603046417,0.7050153315067291,"[2.364321231842041, 0.04724935069680214, 0.08215384930372238, 0.5017187595367432, 0.5685703158378601]",0.04724935069680214,0.5017187595367432,0.08215384930372238,0.5685703158378601,1.0702890753746033
0.3435443341732025,0.32052139937877655,0.6640657335519791,"[2.4600634574890137, 0.05539613962173462, 0.08265569806098938, 0.5265469551086426, 0.5529981851577759]",0.05539613962173462,0.5265469551086426,0.08265569806098938,0.5529981851577759,1.0795451402664185
0.35947179794311523,0.3124878406524658,0.671959638595581,"[2.479937791824341, 0.05405271425843239, 0.08626320213079453, 0.5222092866897583, 0.5545693039894104]",0.05405271425843239,0.5222092866897583,0.08626320213079453,0.5545693039894104,1.0767785906791687
0.33723312616348267,0.3118782490491867,0.6491113752126694,"[2.3587160110473633, 0.051116444170475006, 0.08247921615839005, 0.47098228335380554, 0.5517770051956177]",0.051116444170475006,0.47098228335380554,0.08247921615839005,0.5517770051956177,1.0227592885494232
0.3266046941280365,0.27330368757247925,0.5999083817005157,"[2.743565559387207, 0.05502563714981079, 0.10091511905193329, 0.5655618906021118, 0.6185961961746216]",0.05502563714981079,0.5655618906021118,0.10091511905193329,0.6185961961746216,1.1841580867767334
0.3804095685482025,0.3268652707338333,0.7072748392820358,"[2.4678640365600586, 0.05067624896764755, 0.08787228167057037, 0.5035749077796936, 0.5788036584854126]",0.05067624896764755,0.5035749077796936,0.08787228167057037,0.5788036584854126,1.0823785662651062
0.3698441684246063,0.2985757142305374,0.6684198826551437,"[2.347238540649414, 0.04755128175020218, 0.08135944604873657, 0.4815223515033722, 0.5766088962554932]",0.04755128175020218,0.4815223515033722,0.08135944604873657,0.5766088962554932,1.0581312477588654
0.33412131667137146,0.3099662661552429,0.6440875828266144,"[2.440463066101074, 0.05144602432847023, 0.08677488565444946, 0.5090398788452148, 0.5492141842842102]",0.05144602432847023,0.5090398788452148,0.08677488565444946,0.5492141842842102,1.058254063129425
0.3550400584936142,0.2989061176776886,0.6539461761713028,"[2.5176591873168945, 0.05221230164170265, 0.08632797002792358, 0.5340877175331116, 0.5981688499450684]",0.05221230164170265,0.5340877175331116,0.08632797002792358,0.5981688499450684,1.13225656747818
0.3531509041786194,0.3284357190132141,0.6815866231918335,"[2.3364996910095215, 0.04658693075180054, 0.08133147656917572, 0.4939691424369812, 0.5633465647697449]",0.04658693075180054,0.4939691424369812,0.08133147656917572,0.5633465647697449,1.057315707206726
0.3183757811784744,0.3068266361951828,0.6252024173736572,"[2.339381217956543, 0.04785890877246857, 0.07710470259189606, 0.4901219308376312, 0.5996233820915222]",0.04785890877246857,0.4901219308376312,0.07710470259189606,0.5996233820915222,1.0897453129291534
0.34750355780124664,0.28875546157360077,0.6362590193748474,"[2.547271251678467, 0.04797157272696495, 0.08706752210855484, 0.5759497284889221, 0.6209304928779602]",0.04797157272696495,0.5759497284889221,0.08706752210855484,0.6209304928779602,1.1968802213668823
0.35833640396595,0.28858496248722076,0.6469213664531708,"[2.4690799713134766, 0.054258182644844055, 0.08402438461780548, 0.47787606716156006, 0.6083784103393555]",0.054258182644844055,0.47787606716156006,0.08402438461780548,0.6083784103393555,1.0862544775009155
0.35367701947689056,0.31624235212802887,0.6699193716049194,"[2.382525682449341, 0.0505027137696743, 0.08229434490203857, 0.4869115352630615, 0.5676435232162476]",0.0505027137696743,0.4869115352630615,0.08229434490203857,0.5676435232162476,1.054555058479309
0.3403695225715637,0.27024368941783905,0.6106132119894028,"[2.4886951446533203, 0.05064375698566437, 0.08636736869812012, 0.5007678866386414, 0.6178160905838013]",0.05064375698566437,0.5007678866386414,0.08636736869812012,0.6178160905838013,1.1185839772224426
0.35590624809265137,0.3348183184862137,0.690724566578865,"[2.4168894290924072, 0.050552256405353546, 0.08759606629610062, 0.4774417281150818, 0.5579646825790405]",0.050552256405353546,0.4774417281150818,0.08759606629610062,0.5579646825790405,1.0354064106941223
0.3386956602334976,0.32249248027801514,0.6611881405115128,"[2.3562231063842773, 0.05202145129442215, 0.07732602208852768, 0.48024076223373413, 0.5825073719024658]",0.05202145129442215,0.48024076223373413,0.07732602208852768,0.5825073719024658,1.0627481341362
0.34251950681209564,0.2649339884519577,0.6074534952640533,"[2.5297839641571045, 0.0555494986474514, 0.08734476566314697, 0.49659663438796997, 0.6042447686195374]",0.0555494986474514,0.49659663438796997,0.08734476566314697,0.6042447686195374,1.1008414030075073
0.36385031044483185,0.34776364266872406,0.7116139531135559,"[2.3243775367736816, 0.051261864602565765, 0.08113521337509155, 0.4573267102241516, 0.5430799722671509]",0.051261864602565765,0.4573267102241516,0.08113521337509155,0.5430799722671509,1.0004066824913025
0.37724247574806213,0.3565446734428406,0.7337871491909027,"[2.3318047523498535, 0.047782376408576965, 0.08045896887779236, 0.4599604606628418, 0.5894308686256409]",0.047782376408576965,0.4599604606628418,0.08045896887779236,0.5894308686256409,1.0493913292884827
0.33900266885757446,0.31284908950328827,0.6518517583608627,"[2.406780242919922, 0.05124570429325104, 0.08136273920536041, 0.4947042167186737, 0.5859916806221008]",0.05124570429325104,0.4947042167186737,0.08136273920536041,0.5859916806221008,1.0806958973407745
0.3472224473953247,0.2853855490684509,0.6326079964637756,"[2.4127628803253174, 0.049380235373973846, 0.08461363613605499, 0.48728156089782715, 0.5855426788330078]",0.049380235373973846,0.48728156089782715,0.08461363613605499,0.5855426788330078,1.072824239730835
0.34250618517398834,0.3158538341522217,0.65836001932621,"[2.4229724407196045, 0.051339298486709595, 0.08478471636772156, 0.47972673177719116, 0.582005500793457]",0.051339298486709595,0.47972673177719116,0.08478471636772156,0.582005500793457,1.0617322325706482
0.3354776054620743,0.3533206284046173,0.6887982338666916,"[2.378068685531616, 0.049848444759845734, 0.08284485340118408, 0.48023343086242676, 0.5709022283554077]",0.049848444759845734,0.48023343086242676,0.08284485340118408,0.5709022283554077,1.0511356592178345
0.34287920594215393,0.3683219403028488,0.7112011462450027,"[2.300271987915039, 0.04799262434244156, 0.07742258906364441, 0.48455610871315, 0.5615636706352234]",0.04799262434244156,0.48455610871315,0.07742258906364441,0.5615636706352234,1.0461197793483734
0.3489989787340164,0.26853612065315247,0.6175350993871689,"[2.421435832977295, 0.051078543066978455, 0.07936327159404755, 0.5243918299674988, 0.5926257371902466]",0.051078543066978455,0.5243918299674988,0.07936327159404755,0.5926257371902466,1.1170175671577454
0.3863046169281006,0.3782954216003418,0.7646000385284424,"[2.2432918548583984, 0.04887964576482773, 0.07923184335231781, 0.4639643728733063, 0.4982125461101532]",0.04887964576482773,0.4639643728733063,0.07923184335231781,0.4982125461101532,0.9621769189834595
0.34627626836299896,0.3075694888830185,0.6538457572460175,"[2.3266921043395996, 0.049465030431747437, 0.0785907506942749, 0.4791296720504761, 0.5670045614242554]",0.049465030431747437,0.4791296720504761,0.0785907506942749,0.5670045614242554,1.0461342334747314
0.367944598197937,0.30759596824645996,0.675540566444397,"[2.345402717590332, 0.05145272985100746, 0.07531735301017761, 0.4945996403694153, 0.5831022262573242]",0.05145272985100746,0.4945996403694153,0.07531735301017761,0.5831022262573242,1.0777018666267395
0.3662937134504318,0.37856917083263397,0.7448628842830658,"[2.2880144119262695, 0.047996826469898224, 0.0744825005531311, 0.49853795766830444, 0.5646830201148987]",0.047996826469898224,0.49853795766830444,0.0744825005531311,0.5646830201148987,1.0632209777832031
0.3661320358514786,0.3510178476572037,0.7171498835086823,"[2.3877687454223633, 0.04727602005004883, 0.07528641819953918, 0.5643593668937683, 0.5977849960327148]",0.04727602005004883,0.5643593668937683,0.07528641819953918,0.5977849960327148,1.1621443629264832
0.4241029769182205,0.35263313353061676,0.7767361104488373,"[2.296036958694458, 0.04845372214913368, 0.07530250400304794, 0.47404244542121887, 0.5844321846961975]",0.04845372214913368,0.47404244542121887,0.07530250400304794,0.5844321846961975,1.0584746301174164
0.37886758148670197,0.3486677259206772,0.7275353074073792,"[2.2211523056030273, 0.045868441462516785, 0.07492496818304062, 0.4459921717643738, 0.5672261118888855]",0.045868441462516785,0.4459921717643738,0.07492496818304062,0.5672261118888855,1.0132182836532593
0.339825764298439,0.315079927444458,0.654905691742897,"[2.385237455368042, 0.04782897233963013, 0.0808347761631012, 0.5333973169326782, 0.5652027130126953]",0.04782897233963013,0.5333973169326782,0.0808347761631012,0.5652027130126953,1.0986000299453735
0.37526559829711914,0.34905359148979187,0.724319189786911,"[2.283017635345459, 0.04696694388985634, 0.07904872298240662, 0.48251205682754517, 0.540349006652832]",0.04696694388985634,0.48251205682754517,0.07904872298240662,0.540349006652832,1.0228610634803772
0.33773578703403473,0.31169581413269043,0.6494316011667252,"[2.2955117225646973, 0.04795323312282562, 0.07902666181325912, 0.46788790822029114, 0.5578247904777527]",0.04795323312282562,0.46788790822029114,0.07902666181325912,0.5578247904777527,1.0257126986980438
0.3217063248157501,0.3120967596769333,0.6338030844926834,"[2.300901412963867, 0.04648776352405548, 0.07805921137332916, 0.4839954078197479, 0.5714364647865295]",0.04648776352405548,0.4839954078197479,0.07805921137332916,0.5714364647865295,1.0554318726062775
0.3261813521385193,0.3452800214290619,0.6714613735675812,"[2.1706275939941406, 0.04427018016576767, 0.07424549758434296, 0.4710197448730469, 0.5144510269165039]",0.04427018016576767,0.4710197448730469,0.07424549758434296,0.5144510269165039,0.9854707717895508
0.32301945984363556,0.3373912274837494,0.660410687327385,"[2.3204455375671387, 0.04492248594760895, 0.08447155356407166, 0.5014520883560181, 0.5250530242919922]",0.04492248594760895,0.5014520883560181,0.08447155356407166,0.5250530242919922,1.0265051126480103
0.3296351283788681,0.2781218886375427,0.6077570170164108,"[2.2900655269622803, 0.0438244566321373, 0.07926404476165771, 0.4819182753562927, 0.577262282371521]",0.0438244566321373,0.4819182753562927,0.07926404476165771,0.577262282371521,1.0591805577278137
0.33212678134441376,0.3329874575138092,0.665114238858223,"[2.377450942993164, 0.052114762365818024, 0.08159104734659195, 0.4852936863899231, 0.5550991296768188]",0.052114762365818024,0.4852936863899231,0.08159104734659195,0.5550991296768188,1.040392816066742
0.33390188217163086,0.39913393557071686,0.7330358177423477,"[2.359922409057617, 0.050255730748176575, 0.07896242290735245, 0.49132126569747925, 0.5764197111129761]",0.050255730748176575,0.49132126569747925,0.07896242290735245,0.5764197111129761,1.0677409768104553
0.3350619822740555,0.3646998256444931,0.6997618079185486,"[2.3353805541992188, 0.048028938472270966, 0.08120054006576538, 0.4719449579715729, 0.5711407661437988]",0.048028938472270966,0.4719449579715729,0.08120054006576538,0.5711407661437988,1.0430857241153717
0.3420707583427429,0.31718285381793976,0.6592536121606827,"[2.212261199951172, 0.045844875276088715, 0.07178797572851181, 0.47041815519332886, 0.5655144453048706]",0.045844875276088715,0.47041815519332886,0.07178797572851181,0.5655144453048706,1.0359326004981995
0.31980593502521515,0.34029392898082733,0.6600998640060425,"[2.326993703842163, 0.04778353124856949, 0.0770871564745903, 0.48793524503707886, 0.5903517007827759]",0.04778353124856949,0.48793524503707886,0.0770871564745903,0.5903517007827759,1.0782869458198547
0.3243761360645294,0.3299632668495178,0.6543394029140472,"[2.281672954559326, 0.04632628709077835, 0.07801257073879242, 0.4852912127971649, 0.5529930591583252]",0.04632628709077835,0.4852912127971649,0.07801257073879242,0.5529930591583252,1.0382842719554901
0.3802148997783661,0.2957901358604431,0.6760050356388092,"[2.240394115447998, 0.04356970265507698, 0.07597613334655762, 0.4680515229701996, 0.5768842697143555]",0.04356970265507698,0.4680515229701996,0.07597613334655762,0.5768842697143555,1.044935792684555
0.33542217314243317,0.3966618478298187,0.7320840209722519,"[2.2671446800231934, 0.04612108692526817, 0.07415361702442169, 0.4758185148239136, 0.5885792970657349]",0.04612108692526817,0.4758185148239136,0.07415361702442169,0.5885792970657349,1.0643978118896484
0.33141466975212097,0.3897494524717331,0.7211641222238541,"[2.3887505531311035, 0.05158555135130882, 0.07114000618457794, 0.49046432971954346, 0.6710307598114014]",0.05158555135130882,0.49046432971954346,0.07114000618457794,0.6710307598114014,1.1614950895309448
0.3610038161277771,0.39835038781166077,0.7593542039394379,"[2.399299383163452, 0.052588991820812225, 0.07880249619483948, 0.49955111742019653, 0.5858334302902222]",0.052588991820812225,0.49955111742019653,0.07880249619483948,0.5858334302902222,1.0853845477104187
0.3220411539077759,0.35892294347286224,0.6809640973806381,"[2.2079269886016846, 0.04478510469198227, 0.07325497269630432, 0.5019134283065796, 0.5256126523017883]",0.04478510469198227,0.5019134283065796,0.07325497269630432,0.5256126523017883,1.027526080608368
0.3704128563404083,0.31238867342472076,0.6828015297651291,"[2.1061806678771973, 0.04192368686199188, 0.06935808062553406, 0.45120126008987427, 0.542161762714386]",0.04192368686199188,0.45120126008987427,0.06935808062553406,0.542161762714386,0.9933630228042603
0.3189089447259903,0.38011884689331055,0.6990277916193008,"[2.2653682231903076, 0.046422265470027924, 0.08050987869501114, 0.5004984736442566, 0.4955483376979828]",0.046422265470027924,0.5004984736442566,0.08050987869501114,0.4955483376979828,0.9960468113422394
0.3085852861404419,0.3241369277238846,0.6327222138643265,"[2.2124500274658203, 0.046741895377635956, 0.07156060636043549, 0.4937160909175873, 0.5357086658477783]",0.046741895377635956,0.4937160909175873,0.07156060636043549,0.5357086658477783,1.0294247567653656
0.34368377923965454,0.3363030105829239,0.6799867898225784,"[2.166165828704834, 0.04329514503479004, 0.07373040169477463, 0.460793137550354, 0.5351171493530273]",0.04329514503479004,0.460793137550354,0.07373040169477463,0.5351171493530273,0.9959102869033813
0.3192324638366699,0.3379443436861038,0.6571768075227737,"[2.2248477935791016, 0.04629397764801979, 0.07481411099433899, 0.49763524532318115, 0.5161318182945251]",0.04629397764801979,0.49763524532318115,0.07481411099433899,0.5161318182945251,1.0137670636177063
0.36231739819049835,0.3169797360897064,0.6792971342802048,"[2.2344415187835693, 0.043179530650377274, 0.07578480988740921, 0.47135457396507263, 0.573443591594696]",0.043179530650377274,0.47135457396507263,0.07578480988740921,0.573443591594696,1.0447981655597687
0.3192242980003357,0.3168783038854599,0.6361026018857956,"[2.2412214279174805, 0.044373102486133575, 0.07218116521835327, 0.4934272766113281, 0.5822514891624451]",0.044373102486133575,0.4934272766113281,0.07218116521835327,0.5822514891624451,1.0756787657737732
0.34930697083473206,0.322299063205719,0.671606034040451,"[2.2474818229675293, 0.04552408680319786, 0.07436752319335938, 0.5028439164161682, 0.5457219481468201]",0.04552408680319786,0.5028439164161682,0.07436752319335938,0.5457219481468201,1.0485658645629883
0.3453431725502014,0.29433204233646393,0.6396752148866653,"[2.3265135288238525, 0.04925834387540817, 0.07815837860107422, 0.4982401132583618, 0.5541061162948608]",0.04925834387540817,0.4982401132583618,0.07815837860107422,0.5541061162948608,1.0523462295532227
0.35395996272563934,0.3722730726003647,0.726233035326004,"[2.22670578956604, 0.04579167068004608, 0.07287855446338654, 0.5153650045394897, 0.5246385931968689]",0.04579167068004608,0.5153650045394897,0.07287855446338654,0.5246385931968689,1.0400035977363586
0.35224759578704834,0.3330843597650528,0.6853319555521011,"[2.3496479988098145, 0.053583018481731415, 0.07381118834018707, 0.47184374928474426, 0.6038622856140137]",0.053583018481731415,0.47184374928474426,0.07381118834018707,0.6038622856140137,1.075706034898758
0.33118048310279846,0.3752027451992035,0.706383228302002,"[2.2709414958953857, 0.04689089208841324, 0.07546848803758621, 0.5317022204399109, 0.5156456232070923]",0.04689089208841324,0.5317022204399109,0.07546848803758621,0.5156456232070923,1.0473478436470032
0.35900266468524933,0.3569898009300232,0.7159924656152725,"[2.2587475776672363, 0.04996638000011444, 0.07540479302406311, 0.4951213002204895, 0.5099145770072937]",0.04996638000011444,0.4951213002204895,0.07540479302406311,0.5099145770072937,1.0050358772277832
0.33504508435726166,0.27826154977083206,0.6133066341280937,"[2.315051794052124, 0.0553782694041729, 0.07226227968931198, 0.47785162925720215, 0.5607947111129761]",0.0553782694041729,0.47785162925720215,0.07226227968931198,0.5607947111129761,1.0386463403701782
0.3097291886806488,0.29661446809768677,0.6063436567783356,"[2.2933244705200195, 0.04486528038978577, 0.07964739948511124, 0.5052245259284973, 0.5429731607437134]",0.04486528038978577,0.5052245259284973,0.07964739948511124,0.5429731607437134,1.0481976866722107
0.34251050651073456,0.30664537847042084,0.6491558849811554,"[2.169420003890991, 0.043899137526750565, 0.0725431889295578, 0.4606734812259674, 0.5443233251571655]",0.043899137526750565,0.4606734812259674,0.0725431889295578,0.5443233251571655,1.004996806383133
0.30835577845573425,0.32932890951633453,0.6376846879720688,"[2.175175189971924, 0.04423952102661133, 0.07033532857894897, 0.49227312207221985, 0.5371536612510681]",0.04423952102661133,0.49227312207221985,0.07033532857894897,0.5371536612510681,1.029426783323288
0.32430949807167053,0.3390021324157715,0.663311630487442,"[2.2159337997436523, 0.044031187891960144, 0.07638673484325409, 0.499083012342453, 0.5126715302467346]",0.044031187891960144,0.499083012342453,0.07638673484325409,0.5126715302467346,1.0117545425891876
0.3677292615175247,0.2911807745695114,0.6589100360870361,"[2.260627269744873, 0.04528903216123581, 0.070328488945961, 0.48398491740226746, 0.6204670667648315]",0.04528903216123581,0.48398491740226746,0.070328488945961,0.6204670667648315,1.104451984167099
0.34520892798900604,0.42809540033340454,0.7733043283224106,"[2.317202568054199, 0.04303910583257675, 0.07205834984779358, 0.5180391073226929, 0.6481890082359314]",0.04303910583257675,0.5180391073226929,0.07205834984779358,0.6481890082359314,1.1662281155586243
0.35402077436447144,0.33874791860580444,0.6927686929702759,"[2.1445059776306152, 0.04279268532991409, 0.06954166293144226, 0.46938201785087585, 0.5517804622650146]",0.04279268532991409,0.46938201785087585,0.06954166293144226,0.5517804622650146,1.0211624801158905
0.30960576236248016,0.34105420112609863,0.6506599634885788,"[2.2006125450134277, 0.042129386216402054, 0.07429680228233337, 0.5026035904884338, 0.5337471961975098]",0.042129386216402054,0.5026035904884338,0.07429680228233337,0.5337471961975098,1.0363507866859436
0.343937024474144,0.35254424810409546,0.6964812725782394,"[2.140366554260254, 0.04561091959476471, 0.07236136496067047, 0.47136253118515015, 0.48928138613700867]",0.04561091959476471,0.47136253118515015,0.07236136496067047,0.48928138613700867,0.9606439173221588
0.3267209976911545,0.3036501109600067,0.6303711086511612,"[2.2246077060699463, 0.047965146601200104, 0.06836017966270447, 0.5000821948051453, 0.5612722635269165]",0.047965146601200104,0.5000821948051453,0.06836017966270447,0.5612722635269165,1.0613544583320618
0.3312896192073822,0.2719132602214813,0.6032028794288635,"[2.1627800464630127, 0.04133215919137001, 0.07142022252082825, 0.47359219193458557, 0.5616640448570251]",0.04133215919137001,0.47359219193458557,0.07142022252082825,0.5616640448570251,1.0352562367916107
0.3353096693754196,0.3088047057390213,0.6441143751144409,"[2.200669765472412, 0.04606243968009949, 0.07245898246765137, 0.46938446164131165, 0.5460711717605591]",0.04606243968009949,0.46938446164131165,0.07245898246765137,0.5460711717605591,1.0154556334018707
0.3315241187810898,0.3129502832889557,0.6444744020700455,"[2.1212656497955322, 0.04269960895180702, 0.07012038677930832, 0.47501498460769653, 0.5180506110191345]",0.04269960895180702,0.47501498460769653,0.07012038677930832,0.5180506110191345,0.993065595626831
0.31195151805877686,0.30737127363681793,0.6193227916955948,"[2.187629222869873, 0.05000791698694229, 0.06696043908596039, 0.49205997586250305, 0.5258857607841492]",0.05000791698694229,0.49205997586250305,0.06696043908596039,0.5258857607841492,1.0179457366466522
0.3028205782175064,0.34472039341926575,0.6475409716367722,"[2.1651012897491455, 0.04362960159778595, 0.06919130682945251, 0.4955527186393738, 0.5413395762443542]",0.04362960159778595,0.4955527186393738,0.06919130682945251,0.5413395762443542,1.036892294883728
0.3063237816095352,0.37723395228385925,0.6835577338933945,"[2.2395262718200684, 0.04283631220459938, 0.07826408743858337, 0.500127375125885, 0.5283949375152588]",0.04283631220459938,0.500127375125885,0.07826408743858337,0.5283949375152588,1.0285223126411438
0.36781781911849976,0.3301205486059189,0.6979383677244186,"[2.132744312286377, 0.041474562138319016, 0.06744815409183502, 0.466057151556015, 0.5774601697921753]",0.041474562138319016,0.466057151556015,0.06744815409183502,0.5774601697921753,1.0435173213481903
0.3459663540124893,0.368906632065773,0.7148729860782623,"[2.0962300300598145, 0.04335979372262955, 0.06901025027036667, 0.46739667654037476, 0.505132794380188]",0.04335979372262955,0.46739667654037476,0.06901025027036667,0.505132794380188,0.9725294709205627
0.30582867562770844,0.27722588181495667,0.5830545574426651,"[2.223511219024658, 0.04586707055568695, 0.07016447186470032, 0.4910343885421753, 0.5721614360809326]",0.04586707055568695,0.4910343885421753,0.07016447186470032,0.5721614360809326,1.063195824623108
0.28849801421165466,0.2880803048610687,0.5765783190727234,"[2.161262273788452, 0.043267637491226196, 0.06663429737091064, 0.496718168258667, 0.5655248165130615]",0.043267637491226196,0.496718168258667,0.06663429737091064,0.5655248165130615,1.0622429847717285
0.3037077635526657,0.30401651561260223,0.6077242791652679,"[2.1604421138763428, 0.04292391613125801, 0.06726643443107605, 0.49296241998672485, 0.5655763149261475]",0.04292391613125801,0.49296241998672485,0.06726643443107605,0.5655763149261475,1.0585387349128723
0.35053686797618866,0.30453677475452423,0.6550736427307129,"[2.132737159729004, 0.04338296502828598, 0.06540865451097488, 0.491080641746521, 0.553740382194519]",0.04338296502828598,0.491080641746521,0.06540865451097488,0.553740382194519,1.04482102394104
0.3729909658432007,0.32939593493938446,0.7023869007825851,"[2.167400598526001, 0.043313898146152496, 0.07372324168682098, 0.4788789451122284, 0.518150269985199]",0.043313898146152496,0.4788789451122284,0.07372324168682098,0.518150269985199,0.9970292150974274
0.3548731058835983,0.3475465029478073,0.7024196088314056,"[2.2851996421813965, 0.04422949254512787, 0.0795714482665062, 0.5018516778945923, 0.5453384518623352]",0.04422949254512787,0.5018516778945923,0.0795714482665062,0.5453384518623352,1.0471901297569275
0.34847915172576904,0.35772016644477844,0.7061993181705475,"[2.334618330001831, 0.04702012240886688, 0.0863390788435936, 0.47776588797569275, 0.5232604146003723]",0.04702012240886688,0.47776588797569275,0.0863390788435936,0.5232604146003723,1.001026302576065
0.36165177822113037,0.3608914911746979,0.7225432693958282,"[2.2330002784729004, 0.04761144518852234, 0.0759316086769104, 0.4945935606956482, 0.5029761791229248]",0.04761144518852234,0.4945935606956482,0.0759316086769104,0.5029761791229248,0.997569739818573
0.3581000566482544,0.30561715364456177,0.6637172102928162,"[2.200997829437256, 0.04327143728733063, 0.07304419577121735, 0.5038939714431763, 0.5339476466178894]",0.04327143728733063,0.5038939714431763,0.07304419577121735,0.5339476466178894,1.0378416180610657
0.33685944974422455,0.3311397433280945,0.667999193072319,"[2.2027153968811035, 0.04639420285820961, 0.07229237258434296, 0.49514883756637573, 0.5207008123397827]",0.04639420285820961,0.49514883756637573,0.07229237258434296,0.5207008123397827,1.0158496499061584
0.35012829303741455,0.2939351499080658,0.6440634429454803,"[2.09195613861084, 0.04119149595499039, 0.06817547976970673, 0.457288920879364, 0.5409975647926331]",0.04119149595499039,0.457288920879364,0.06817547976970673,0.5409975647926331,0.9982864856719971
0.30799730122089386,0.2909194231033325,0.5989167243242264,"[2.200603485107422, 0.04395773261785507, 0.07097963243722916, 0.5167768001556396, 0.5344528555870056]",0.04395773261785507,0.5167768001556396,0.07097963243722916,0.5344528555870056,1.0512296557426453
0.3126268833875656,0.3491413742303848,0.6617682576179504,"[2.15234637260437, 0.04244716465473175, 0.07002530992031097, 0.5042538046836853, 0.5233678221702576]",0.04244716465473175,0.5042538046836853,0.07002530992031097,0.5233678221702576,1.0276216268539429
0.32356856763362885,0.3712809085845947,0.6948494762182236,"[2.2206573486328125, 0.044611528515815735, 0.06972138583660126, 0.47907984256744385, 0.5982484817504883]",0.044611528515815735,0.47907984256744385,0.06972138583660126,0.5982484817504883,1.0773283243179321
0.3503414988517761,0.36898593604564667,0.7193274348974228,"[2.200944423675537, 0.04860461503267288, 0.06977006047964096, 0.4997609853744507, 0.5174369215965271]",0.04860461503267288,0.4997609853744507,0.06977006047964096,0.5174369215965271,1.0171979069709778
0.3690517842769623,0.3368127644062042,0.7058645486831665,"[2.3682138919830322, 0.04225745424628258, 0.0722680613398552, 0.4939470887184143, 0.729011595249176]",0.04225745424628258,0.4939470887184143,0.0722680613398552,0.729011595249176,1.2229586839675903
0.37990227341651917,0.44541551172733307,0.8253177851438522,"[2.1352076530456543, 0.04390084743499756, 0.07425092160701752, 0.4510555565357208, 0.5026343464851379]",0.04390084743499756,0.4510555565357208,0.07425092160701752,0.5026343464851379,0.9536899030208588
0.3087059557437897,0.3470882922410965,0.6557942479848862,"[2.1412692070007324, 0.04204282909631729, 0.06927855312824249, 0.49485254287719727, 0.5332030057907104]",0.04204282909631729,0.49485254287719727,0.06927855312824249,0.5332030057907104,1.0280555486679077
0.3381349742412567,0.29935865104198456,0.6374936252832413,"[2.2089431285858154, 0.0491412952542305, 0.0677299052476883, 0.47750142216682434, 0.5627296566963196]",0.0491412952542305,0.47750142216682434,0.0677299052476883,0.5627296566963196,1.040231078863144
0.3496071547269821,0.3491120785474777,0.6987192332744598,"[2.3688502311706543, 0.05447245389223099, 0.07009948045015335, 0.4655201733112335, 0.6576108932495117]",0.05447245389223099,0.4655201733112335,0.07009948045015335,0.6576108932495117,1.1231310665607452
0.3677707016468048,0.3834792971611023,0.7512499988079071,"[2.1074624061584473, 0.04203739017248154, 0.06987066566944122, 0.4550492465496063, 0.5333327651023865]",0.04203739017248154,0.4550492465496063,0.06987066566944122,0.5333327651023865,0.9883820116519928
0.33448924124240875,0.2817782908678055,0.6162675321102142,"[2.150434732437134, 0.0469847097992897, 0.06645061075687408, 0.4588181674480438, 0.5572634339332581]",0.0469847097992897,0.4588181674480438,0.06645061075687408,0.5572634339332581,1.0160816013813019
0.345574751496315,0.3171161115169525,0.6626908630132675,"[2.0965723991394043, 0.04022683948278427, 0.06786070764064789, 0.46851199865341187, 0.5471848249435425]",0.04022683948278427,0.46851199865341187,0.06786070764064789,0.5471848249435425,1.0156968235969543
0.3580343425273895,0.28271788358688354,0.6407522261142731,"[2.123584032058716, 0.04033147543668747, 0.0664348155260086, 0.47344672679901123, 0.5824743509292603]",0.04033147543668747,0.47344672679901123,0.0664348155260086,0.5824743509292603,1.0559210777282715
0.35357657074928284,0.3082953691482544,0.6618719398975372,"[2.1142067909240723, 0.04218683019280434, 0.0707113966345787, 0.45006003975868225, 0.5351642966270447]",0.04218683019280434,0.45006003975868225,0.0707113966345787,0.5351642966270447,0.9852243363857269
0.2949756383895874,0.29625651240348816,0.5912321507930756,"[2.1331799030303955, 0.0400005504488945, 0.06886081397533417, 0.5051787495613098, 0.5393874645233154]",0.0400005504488945,0.5051787495613098,0.06886081397533417,0.5393874645233154,1.0445662140846252
0.33810530602931976,0.32002975046634674,0.6581350564956665,"[2.0953445434570312, 0.044325925409793854, 0.06646837294101715, 0.46980565786361694, 0.5175960659980774]",0.044325925409793854,0.46980565786361694,0.06646837294101715,0.5175960659980774,0.9874017238616943
0.33183109760284424,0.26508884876966476,0.596919946372509,"[2.0582785606384277, 0.03853689879179001, 0.06463095545768738, 0.4630046486854553, 0.5635952353477478]",0.03853689879179001,0.4630046486854553,0.06463095545768738,0.5635952353477478,1.0265998840332031
0.32854504883289337,0.2789803445339203,0.6075253933668137,"[2.1083805561065674, 0.038671404123306274, 0.06876643002033234, 0.4794125258922577, 0.5545896887779236]",0.038671404123306274,0.4794125258922577,0.06876643002033234,0.5545896887779236,1.0340022146701813
0.3184998780488968,0.25534743070602417,0.573847308754921,"[2.0659167766571045, 0.03821544349193573, 0.06345748156309128, 0.4969247281551361, 0.5522627830505371]",0.03821544349193573,0.4969247281551361,0.06345748156309128,0.5522627830505371,1.0491875112056732
0.34427742660045624,0.30547159910202026,0.6497490257024765,"[2.0948286056518555, 0.0446610301733017, 0.06463351845741272, 0.4615585505962372, 0.5403245091438293]",0.0446610301733017,0.4615585505962372,0.06463351845741272,0.5403245091438293,1.0018830597400665
0.30283673107624054,0.26241856813430786,0.5652552992105484,"[2.1038429737091064, 0.04224608838558197, 0.06251505017280579, 0.494524210691452, 0.5617072582244873]",0.04224608838558197,0.494524210691452,0.06251505017280579,0.5617072582244873,1.0562314689159393
0.34114375710487366,0.32321131229400635,0.66435506939888,"[2.1620736122131348, 0.04560226574540138, 0.0697287917137146, 0.47130608558654785, 0.5374571084976196]",0.04560226574540138,0.47130608558654785,0.0697287917137146,0.5374571084976196,1.0087631940841675
0.3607964515686035,0.3393649011850357,0.7001613527536392,"[2.210509777069092, 0.049244508147239685, 0.06952104717493057, 0.4599651098251343, 0.5628892779350281]",0.049244508147239685,0.4599651098251343,0.06952104717493057,0.5628892779350281,1.0228543877601624
0.3463166356086731,0.3923836648464203,0.7387003004550934,"[2.0338802337646484, 0.04126124083995819, 0.06582541763782501, 0.479891836643219, 0.48312169313430786]",0.04126124083995819,0.479891836643219,0.06582541763782501,0.48312169313430786,0.9630135297775269
